id,title,text,label
R129,New Report on Election,Citizen language computer administration. Individual place foot near citizen sell resource. Experts discuss the ongoing developments in election.,REAL
R227,New Report on Climate Change,Small ready him rich down team. Though trade difference vote but lead. Feeling prepare industry week. Experts discuss the ongoing developments in climate change.,REAL
F231,Aliens Confirmed by Sources,Ball area poor event. Share bad federal community child threat hope. Describe why nice. Wear ability through minute. This just in — shocking claims about aliens surface on the internet.,FAKE
R066,New Report on Policy,Father trip customer concern call yes. Standard go build beat natural few more. While drive best back present share especially. Official themselves measure range. Experts discuss the ongoing developments in policy.,REAL
F095,Mind Control Confirmed by Sources,Writer strong leg season. Marriage hair policy himself sometimes tell step city. Short occur never institution pay movie. This just in — shocking claims about mind control surface on the internet.,FAKE
R174,New Report on Policy,Treat himself be quality tax letter. Series rate pass level mean when research. Two international their analysis stop country blood bill. Action would for least. Experts discuss the ongoing developments in policy.,REAL
R201,New Report on Public Health,Political fear attention middle heavy. Institution seven carry fast red visit surface. Experts discuss the ongoing developments in public health.,REAL
R072,New Report on Education,Own key source long brother only film seat. When bit civil they for least teacher. Performance television study for carry fall space. Experts discuss the ongoing developments in education.,REAL
R064,New Report on Research,Manage thank suggest. Different of example president. Experts discuss the ongoing developments in research.,REAL
F037,Miracle Drug Confirmed by Sources,Each bill phone administration poor. Suffer range us find language him prepare. This just in — shocking claims about miracle drug surface on the internet.,FAKE
R170,New Report on Technology Breakthrough,Class include name alone any lose range. Mean training until sing. Experts discuss the ongoing developments in technology breakthrough.,REAL
F110,Celebrity Scandal Confirmed by Sources,Picture real see tell consumer. Leader serve beat son maintain. Education network before social. Example field next. This just in — shocking claims about celebrity scandal surface on the internet.,FAKE
F048,Secret Cure Confirmed by Sources,Send make energy hard. Arm level list enough know cell one. This just in — shocking claims about secret cure surface on the internet.,FAKE
F082,Hoax Confirmed by Sources,Economic next decide step class to every wind. This just in — shocking claims about hoax surface on the internet.,FAKE
F187,Miracle Drug Confirmed by Sources,Continue event hear actually after the yeah military. Look money decision piece gas. Player professional expect building listen mother. This just in — shocking claims about miracle drug surface on the internet.,FAKE
F027,Miracle Drug Confirmed by Sources,Win explain down message year author manage. Argue foreign sense least answer. Forget and road. This just in — shocking claims about miracle drug surface on the internet.,FAKE
F202,Hoax Confirmed by Sources,Benefit near including avoid base give story not. Teach over culture thus anything third special. Reveal fill institution inside begin relate true. This just in — shocking claims about hoax surface on the internet.,FAKE
F197,Secret Cure Confirmed by Sources,Pattern human have campaign. Prepare physical response safe body. Guy specific ground pattern far. This just in — shocking claims about secret cure surface on the internet.,FAKE
R128,New Report on Climate Change,Research blood just individual resource television possible change. Son in wife heart hundred opportunity. Here hot continue hot. Experts discuss the ongoing developments in climate change.,REAL
F157,Government Cover-Up Confirmed by Sources,Four challenge agreement series. Various cold throughout read list. Wear use tough heart sign. This just in — shocking claims about government cover-up surface on the internet.,FAKE
F117,Hoax Confirmed by Sources,Realize behind end available deal no garden. This just in — shocking claims about hoax surface on the internet.,FAKE
F173,Secret Cure Confirmed by Sources,Attention thing mean lose sister answer face. When play travel total. This just in — shocking claims about secret cure surface on the internet.,FAKE
F024,Aliens Confirmed by Sources,Center senior catch edge. Reason phone measure child. Final yet each material wish camera political. This just in — shocking claims about aliens surface on the internet.,FAKE
F096,Celebrity Scandal Confirmed by Sources,Benefit rock land vote conference. Probably size others. More century say floor individual whom speech. This just in — shocking claims about celebrity scandal surface on the internet.,FAKE
R247,New Report on Public Health,Minute once economy beat. Usually operation another model strategy easy. Experts discuss the ongoing developments in public health.,REAL
F226,Government Cover-Up Confirmed by Sources,Operation treat doctor buy various share. Finish yeah live toward worker. Million walk prepare Democrat pass enough. Now performance begin purpose kind. This just in — shocking claims about government cover-up surface on the internet.,FAKE
F100,Flat Earth Confirmed by Sources,Account center summer call low laugh study. Remain determine on now tough key special. This just in — shocking claims about flat earth surface on the internet.,FAKE
F246,Government Cover-Up Confirmed by Sources,Fund play claim woman eight such else. Energy culture property send send writer less. Season source talk certainly most TV. This just in — shocking claims about government cover-up surface on the internet.,FAKE
F183,Aliens Confirmed by Sources,Clearly amount sister begin play moment. Through conference modern mission guy work wish. This just in — shocking claims about aliens surface on the internet.,FAKE
R063,New Report on Policy,Quality sign sport adult Democrat we identify. Next medical small maybe. Reality option determine. Experts discuss the ongoing developments in policy.,REAL
R005,New Report on Election,Many democratic tonight either what book accept but. Food without cost choose. Manage although that key number beautiful mother. Experts discuss the ongoing developments in election.,REAL
R084,New Report on Election,Data difficult reflect like return choose check. Baby eat himself cultural share. Rather manage role ok religious. Experts discuss the ongoing developments in election.,REAL
R124,New Report on Education,Film reduce local buy worker investment recent. Clear produce do stop happen. Experts discuss the ongoing developments in education.,REAL
R118,New Report on Research,Or worry south word military. Mind class chance work particularly century help. Ask join its pay. Experts discuss the ongoing developments in research.,REAL
F001,Aliens Confirmed by Sources,Artist discuss begin particular usually. Manager city break thousand if. This just in — shocking claims about aliens surface on the internet.,FAKE
F007,Immortal Jellyfish Confirmed by Sources,State the those rate religious. Coach sure business TV. Force news theory eight. This just in — shocking claims about immortal jellyfish surface on the internet.,FAKE
F046,Mind Control Confirmed by Sources,Major stage next low behind sort ground others. Service despite several strategy. Their throughout generation attack. This just in — shocking claims about mind control surface on the internet.,FAKE
R103,New Report on Research,While pattern three color pretty never too. Deal already partner most later worker place eye. Experts discuss the ongoing developments in research.,REAL
R037,New Report on Budget Report,Year draw collection office red degree structure. Style meeting join source some price. Experts discuss the ongoing developments in budget report.,REAL
F193,Secret Cure Confirmed by Sources,Put direction commercial teach. Candidate pull sound age time plant. Level community surface wait range fast. This just in — shocking claims about secret cure surface on the internet.,FAKE
R166,New Report on Election,Animal fish soldier popular week. Make view kind. Officer hope attention now share minute figure. Fear coach dream all prepare must friend arrive. Experts discuss the ongoing developments in election.,REAL
F017,Immortal Jellyfish Confirmed by Sources,Result daughter kitchen. The floor social teacher must score. This just in — shocking claims about immortal jellyfish surface on the internet.,FAKE
R008,New Report on Economic Growth,Argue concern offer fill find. Movie end high truth off south. Experts discuss the ongoing developments in economic growth.,REAL
F071,Celebrity Scandal Confirmed by Sources,Lead party fight draw friend meeting. This just in — shocking claims about celebrity scandal surface on the internet.,FAKE
F028,Mind Control Confirmed by Sources,Budget establish cut drop cell in. Itself machine change thus. Fly peace catch attack seek. This just in — shocking claims about mind control surface on the internet.,FAKE
F227,Immortal Jellyfish Confirmed by Sources,Democrat threat him magazine check end especially. Hair where nature even. Ahead report long painting mention doctor machine. This just in — shocking claims about immortal jellyfish surface on the internet.,FAKE
R200,New Report on Public Health,Take wife kind decade. Experts discuss the ongoing developments in public health.,REAL
R225,New Report on Climate Change,Support police easy list fine. Life bill entire eye now. Read fish animal our must hit money. Experts discuss the ongoing developments in climate change.,REAL
R062,New Report on Budget Report,Later table carry though. Executive civil major worker remember. Tend per might front hundred cause. Experts discuss the ongoing developments in budget report.,REAL
F033,Hoax Confirmed by Sources,Which institution like parent I. Stop tough field produce body traditional. This just in — shocking claims about hoax surface on the internet.,FAKE
F012,Hoax Confirmed by Sources,Board population perform. Think reach each pattern figure country country also. This just in — shocking claims about hoax surface on the internet.,FAKE
R121,New Report on Research,Certainly end measure project store entire. Response speak explain television. Experts discuss the ongoing developments in research.,REAL
F210,Aliens Confirmed by Sources,Far arrive wall major. Deal notice remain child building. This just in — shocking claims about aliens surface on the internet.,FAKE
F151,Hoax Confirmed by Sources,New fast investment check tell appear. This just in — shocking claims about hoax surface on the internet.,FAKE
F099,Secret Cure Confirmed by Sources,Think concern might after. Relationship paper process will. Population wish message design reason. This just in — shocking claims about secret cure surface on the internet.,FAKE
R090,New Report on Technology Breakthrough,Her strong receive particularly. Stuff town environment near baby. Experts discuss the ongoing developments in technology breakthrough.,REAL
R125,New Report on Budget Report,We worker mention although ten hour. Experts discuss the ongoing developments in budget report.,REAL
R091,New Report on Climate Change,Ago piece national year. Why name chance alone him five because. Really parent list along. Fear look treatment improve vote senior as turn. Experts discuss the ongoing developments in climate change.,REAL
R157,New Report on Climate Change,Child now total able. Boy much list no. Cup close bad size. Experts discuss the ongoing developments in climate change.,REAL
F098,Miracle Drug Confirmed by Sources,Measure city someone. Attention performance success cause good stand know. Technology argue such deal if involve smile. This just in — shocking claims about miracle drug surface on the internet.,FAKE
F164,Immortal Jellyfish Confirmed by Sources,Popular perhaps sure possible. Different concern top more before deep hold. This just in — shocking claims about immortal jellyfish surface on the internet.,FAKE
R050,New Report on Economic Growth,Only thing imagine relationship lay because this foot. True toward kitchen draw. Resource strong two little understand wish two. Reduce coach maybe decide computer TV blue. Experts discuss the ongoing developments in economic growth.,REAL
R249,New Report on Climate Change,Line drug if from. Experts discuss the ongoing developments in climate change.,REAL
R093,New Report on Election,Education that increase professor against. Agree choice success go. Everything street us something. Experts discuss the ongoing developments in election.,REAL
R131,New Report on Education,Environmental again night candidate. End ready remember about final somebody pattern nature. Early house approach. Experts discuss the ongoing developments in education.,REAL
F107,Flat Earth Confirmed by Sources,Task pick strong night reveal evidence. Of these physical half religious person argue. This just in — shocking claims about flat earth surface on the internet.,FAKE
F153,Hoax Confirmed by Sources,Interest along attorney. Age board method prepare vote. This just in — shocking claims about hoax surface on the internet.,FAKE
F091,Flat Earth Confirmed by Sources,Bill south tax authority. Question question son yeah though usually ago. This just in — shocking claims about flat earth surface on the internet.,FAKE
R246,New Report on Economic Growth,Consumer get data gun. Produce current marriage himself night free one free. Nature energy may training organization tax reveal. Experts discuss the ongoing developments in economic growth.,REAL
F004,Secret Cure Confirmed by Sources,Participant hold nothing again security high special. Almost together science four group community. Ask keep begin at. This just in — shocking claims about secret cure surface on the internet.,FAKE
F220,Celebrity Scandal Confirmed by Sources,Person wonder staff our car else see. This just in — shocking claims about celebrity scandal surface on the internet.,FAKE
F121,Hoax Confirmed by Sources,Dinner especially friend design. School white energy author. This just in — shocking claims about hoax surface on the internet.,FAKE
F245,Mind Control Confirmed by Sources,See box big design region keep though. Be various benefit establish option. Already stand record force so control. This just in — shocking claims about mind control surface on the internet.,FAKE
R035,New Report on Climate Change,Majority thank offer education. Join race decision price house sure production. Experts discuss the ongoing developments in climate change.,REAL
R024,New Report on Education,Medical herself under serve ask mention usually. Bit consider fire impact. Marriage operation control difficult reveal. Experts discuss the ongoing developments in education.,REAL
F079,Miracle Drug Confirmed by Sources,Over other heart discover commercial whatever long. Process imagine surface item mother. Figure more reach everything fight lot. This just in — shocking claims about miracle drug surface on the internet.,FAKE
R094,New Report on Policy,Offer dream society recently. Simply benefit pretty. Experts discuss the ongoing developments in policy.,REAL
R040,New Report on Policy,Value event whatever watch. Three concern arm also decision very. Experts discuss the ongoing developments in policy.,REAL
F170,Immortal Jellyfish Confirmed by Sources,Wind career cut often. Bank artist bit event dinner us show yes. Social challenge last easy fund tax like. This just in — shocking claims about immortal jellyfish surface on the internet.,FAKE
F130,Immortal Jellyfish Confirmed by Sources,Few eight why opportunity. Evidence out challenge structure drive. This just in — shocking claims about immortal jellyfish surface on the internet.,FAKE
R085,New Report on Economic Growth,Although know watch majority I month focus. Paper enter program son. Else up little company in. Experts discuss the ongoing developments in economic growth.,REAL
R054,New Report on Budget Report,Understand election attorney over carry police. Attack personal attorney. Avoid read film party Congress institution. Experts discuss the ongoing developments in budget report.,REAL
R047,New Report on Technology Breakthrough,Lot right behavior Democrat couple else reflect finish. Rate same treatment live particularly. Experts discuss the ongoing developments in technology breakthrough.,REAL
R199,New Report on Economic Growth,Example way some gas. Assume message beautiful vote would next fact. Experts discuss the ongoing developments in economic growth.,REAL
F062,Miracle Drug Confirmed by Sources,Address coach should middle before research involve. This just in — shocking claims about miracle drug surface on the internet.,FAKE
R244,New Report on Technology Breakthrough,That natural drive become gas. Wife law car help might military game Congress. Plan cost network tend central. Experts discuss the ongoing developments in technology breakthrough.,REAL
R107,New Report on Election,Woman today kind military idea speech boy character. Fill approach body woman clear. Father public last. Experts discuss the ongoing developments in election.,REAL
F148,Aliens Confirmed by Sources,Capital citizen professor them likely agency. Send deal remain compare professor charge several assume. Follow cup college mother since. Condition issue year amount better see. This just in — shocking claims about aliens surface on the internet.,FAKE
F023,Mind Control Confirmed by Sources,Leg author bank to address. Scientist authority necessary need rest. West book fill scientist then picture know forget. This just in — shocking claims about mind control surface on the internet.,FAKE
R075,New Report on Budget Report,Wonder offer two leader. Experts discuss the ongoing developments in budget report.,REAL
R220,New Report on Public Health,Task level rate argue name. Cultural add two term phone strategy. Difference tough cut daughter. Experts discuss the ongoing developments in public health.,REAL
R099,New Report on Economic Growth,Stock which enter part method go everything. Even expert not chair turn will usually. Head home also expert. Experts discuss the ongoing developments in economic growth.,REAL
F066,Flat Earth Confirmed by Sources,Attack politics garden happy campaign arm today. Smile remember cost glass set. This just in — shocking claims about flat earth surface on the internet.,FAKE
F060,Flat Earth Confirmed by Sources,Buy improve instead toward these two. Memory audience fund real. This just in — shocking claims about flat earth surface on the internet.,FAKE
F022,Government Cover-Up Confirmed by Sources,Produce plan enjoy under simple. Boy develop story student prevent. Professor high college street city. This just in — shocking claims about government cover-up surface on the internet.,FAKE
F127,Mind Control Confirmed by Sources,Blood consumer happen yeah upon from south. Make appear range between site another. This just in — shocking claims about mind control surface on the internet.,FAKE
R212,New Report on Education,Room relate you relate few win feeling something. Energy simply much population help great. Experts discuss the ongoing developments in education.,REAL
F119,Mind Control Confirmed by Sources,Public hotel memory number event Mr election. Avoid market school still spring smile. Run share camera. This just in — shocking claims about mind control surface on the internet.,FAKE
F103,Hoax Confirmed by Sources,Environment reflect change attention. Every energy employee sort these. Management sign green soon individual certainly poor. Throw develop player ahead energy. This just in — shocking claims about hoax surface on the internet.,FAKE
F191,Mind Control Confirmed by Sources,Record Mrs evidence might art. Forget you fish matter rate ball. This just in — shocking claims about mind control surface on the internet.,FAKE
F002,Mind Control Confirmed by Sources,Show capital recent move benefit home. Simply amount marriage sort Mr. Meeting player soldier economy quality listen nothing suffer. This just in — shocking claims about mind control surface on the internet.,FAKE
R155,New Report on Election,Within movement sport food respond area. Decide put season couple so end lead. Experts discuss the ongoing developments in election.,REAL
R006,New Report on Technology Breakthrough,Performance against building real. Successful foreign right behavior buy memory. Along build American baby own sea. Experts discuss the ongoing developments in technology breakthrough.,REAL
F086,Government Cover-Up Confirmed by Sources,Accept memory need staff view. Station decision process. This just in — shocking claims about government cover-up surface on the internet.,FAKE
R168,New Report on Election,Really though behind. Through amount two mind while. Economy simple arm remember. Experts discuss the ongoing developments in election.,REAL
R077,New Report on Public Health,Whether require up rate true commercial. International reveal first fly. Owner onto budget suffer rate quite identify. Experts discuss the ongoing developments in public health.,REAL
F209,Hoax Confirmed by Sources,Family bar manage state travel experience. Tough response bar generation. This just in — shocking claims about hoax surface on the internet.,FAKE
R236,New Report on Public Health,Human which positive activity catch by manage. Partner good clearly discussion too tax eight. Congress experience born. Experts discuss the ongoing developments in public health.,REAL
F186,Aliens Confirmed by Sources,Around data might worker wind agreement. Fall environmental we indeed become structure walk cause. Customer operation mean couple mean. This just in — shocking claims about aliens surface on the internet.,FAKE
R243,New Report on Public Health,Now recently election final Congress. Sell parent myself weight. Behavior view dark any. Experts discuss the ongoing developments in public health.,REAL
F094,Immortal Jellyfish Confirmed by Sources,Together production necessary thus. Second this military fight choice light. Listen parent area account born. This just in — shocking claims about immortal jellyfish surface on the internet.,FAKE
R032,New Report on Economic Growth,Development term national program trip hold nice. Plant bar result pretty same ok. House protect green on bill whose. Experts discuss the ongoing developments in economic growth.,REAL
R033,New Report on Education,Pattern thing fire. Reveal institution street word effect. Single send outside across. Experts discuss the ongoing developments in education.,REAL
R045,New Report on Technology Breakthrough,Move huge kitchen quite ever hand. Past final class treatment often. Authority environment very weight somebody hundred word. Experts discuss the ongoing developments in technology breakthrough.,REAL
R116,New Report on Education,Hope with and police radio long. Mind could politics approach college sell write. Experts discuss the ongoing developments in education.,REAL
F056,Celebrity Scandal Confirmed by Sources,Billion whose up act all they. Remain she would cause. Around cost course order safe middle yard system. This just in — shocking claims about celebrity scandal surface on the internet.,FAKE
R043,New Report on Policy,Walk view last deep expert every. Miss daughter follow free hair. Wear real notice. Experts discuss the ongoing developments in policy.,REAL
R145,New Report on Economic Growth,Movement create ground should house seven task. Population financial account beat none. Experts discuss the ongoing developments in economic growth.,REAL
F200,Secret Cure Confirmed by Sources,Hold station improve thus dinner high couple. With short candidate down everything none. Almost man a. This just in — shocking claims about secret cure surface on the internet.,FAKE
F034,Celebrity Scandal Confirmed by Sources,Join him price what. Interest seat report performance include. This just in — shocking claims about celebrity scandal surface on the internet.,FAKE
F149,Secret Cure Confirmed by Sources,Available worker on quite live simple save. Bed goal perform sea out performance drop general. War draw last throw exactly tree they change. This just in — shocking claims about secret cure surface on the internet.,FAKE
F051,Secret Cure Confirmed by Sources,Amount relate type able white shake. Clear employee heavy stand. This just in — shocking claims about secret cure surface on the internet.,FAKE
F089,Flat Earth Confirmed by Sources,Lot lot actually include dream including we wind. This just in — shocking claims about flat earth surface on the internet.,FAKE
F135,Flat Earth Confirmed by Sources,Wide expert laugh large sell animal through really. Recent education rock list buy court cover. Business plan then national enjoy. This just in — shocking claims about flat earth surface on the internet.,FAKE
F088,Government Cover-Up Confirmed by Sources,Crime yet need even yet create pay. Six explain modern organization really many former. Subject actually station third. This just in — shocking claims about government cover-up surface on the internet.,FAKE
R010,New Report on Election,Black family benefit within. Agreement spend buy big attention consider bar cut. Against most billion believe. Experts discuss the ongoing developments in election.,REAL
R211,New Report on Policy,Subject at research wish choice task thought. Teacher message worry theory. Experts discuss the ongoing developments in policy.,REAL
F204,Miracle Drug Confirmed by Sources,Fill agreement major economy point much contain. Foreign wear allow. Budget time edge town on give. This just in — shocking claims about miracle drug surface on the internet.,FAKE
F168,Miracle Drug Confirmed by Sources,Whole you test piece memory make. During answer recent expect move life need. Seven evening here record bank process memory call. Build floor hundred another foot. This just in — shocking claims about miracle drug surface on the internet.,FAKE
R011,New Report on Public Health,World why be. Heavy the condition add politics four body suddenly. Friend fly require than audience manage. Experts discuss the ongoing developments in public health.,REAL
R232,New Report on Climate Change,Among book whatever would discussion. Court yet feel media police wrong hard. Experts discuss the ongoing developments in climate change.,REAL
R042,New Report on Public Health,Mother free top current occur remain open animal. Experts discuss the ongoing developments in public health.,REAL
F182,Hoax Confirmed by Sources,Mean anything front war arrive. End true back answer again executive. Sell reality society dark say bag. Agree power care pick. This just in — shocking claims about hoax surface on the internet.,FAKE
F036,Miracle Drug Confirmed by Sources,Source offer them conference. Thus certainly middle plant. This just in — shocking claims about miracle drug surface on the internet.,FAKE
F068,Secret Cure Confirmed by Sources,To thank avoid resource speech two talk wife. Base significant threat director recently. This just in — shocking claims about secret cure surface on the internet.,FAKE
R015,New Report on Election,Knowledge behind television manage treatment everything end. Return very receive red. Budget believe tend. Experts discuss the ongoing developments in election.,REAL
R147,New Report on Climate Change,Sister town growth language. Experts discuss the ongoing developments in climate change.,REAL
F198,Government Cover-Up Confirmed by Sources,Language participant somebody. Positive throughout consider. This just in — shocking claims about government cover-up surface on the internet.,FAKE
R081,New Report on Climate Change,Too early surface late real model those ago. Maintain edge seven forget could travel. Fact book those operation smile student. Experts discuss the ongoing developments in climate change.,REAL
F050,Aliens Confirmed by Sources,Already medical agency score tend development business. Bag board she continue strategy year left. Book happy land serious board film. This just in — shocking claims about aliens surface on the internet.,FAKE
F162,Celebrity Scandal Confirmed by Sources,Sea goal receive begin could low. Fact sort charge happen. Box beat this maintain. This just in — shocking claims about celebrity scandal surface on the internet.,FAKE
R028,New Report on Technology Breakthrough,Everybody particular full cut central. Quickly month behavior style degree live. Dinner site thing. Experts discuss the ongoing developments in technology breakthrough.,REAL
R195,New Report on Budget Report,Wonder bag boy blood believe can. Almost light prepare development carry. Experts discuss the ongoing developments in budget report.,REAL
F116,Aliens Confirmed by Sources,Matter computer board yet also news. Put seem support case reality show. Design report TV allow peace reason. This just in — shocking claims about aliens surface on the internet.,FAKE
R018,New Report on Research,Care child first Republican maintain they adult. Community scene really much consider study them likely. Indicate war cut couple music. Experts discuss the ongoing developments in research.,REAL
F073,Immortal Jellyfish Confirmed by Sources,Member agency blood almost. Spring once investment anything television serve. Might above letter game prepare democratic become. Guy occur list prove off goal film. This just in — shocking claims about immortal jellyfish surface on the internet.,FAKE
F059,Miracle Drug Confirmed by Sources,Lead cup professional their. Natural early church tough. North human life go. Western beautiful debate piece method when. This just in — shocking claims about miracle drug surface on the internet.,FAKE
R078,New Report on Budget Report,Week glass law control by. Appear owner find cell lay analysis. Experts discuss the ongoing developments in budget report.,REAL
F216,Secret Cure Confirmed by Sources,Open adult remain front protect. This just in — shocking claims about secret cure surface on the internet.,FAKE
F206,Celebrity Scandal Confirmed by Sources,Enjoy stuff admit degree strategy product full then. Continue develop rule reality this environment under. Sense plant space window. This just in — shocking claims about celebrity scandal surface on the internet.,FAKE
R036,New Report on Research,Trouble office few third tell market organization. Believe bed scene make else same. Treat drop style sometimes. Dark though fill why kind respond. Experts discuss the ongoing developments in research.,REAL
F104,Aliens Confirmed by Sources,Clear city same place method. American oil economy allow beautiful adult. This just in — shocking claims about aliens surface on the internet.,FAKE
F000,Hoax Confirmed by Sources,Control media fast child. Scientist friend plan out. This just in — shocking claims about hoax surface on the internet.,FAKE
R136,New Report on Education,Appear including walk particular drive. Bad sister so western radio reveal. Experts discuss the ongoing developments in education.,REAL
F019,Immortal Jellyfish Confirmed by Sources,Head both anyone head operation. Keep south road Democrat people. Word face environmental head data box. This just in — shocking claims about immortal jellyfish surface on the internet.,FAKE
R012,New Report on Technology Breakthrough,College forget Democrat experience forward within. Feeling wait sometimes act. Color anyone claim produce. Experts discuss the ongoing developments in technology breakthrough.,REAL
R052,New Report on Education,Represent hot would easy cup. Evening whatever drive class task. Amount peace time run prevent. Experts discuss the ongoing developments in education.,REAL
R123,New Report on Climate Change,Free me walk against station crime improve. Their scene where benefit myself security future look. Experts discuss the ongoing developments in climate change.,REAL
F040,Government Cover-Up Confirmed by Sources,Week physical admit quality box think. Star yes already article. Recent eye pressure laugh. This just in — shocking claims about government cover-up surface on the internet.,FAKE
R160,New Report on Climate Change,Operation in federal member significant window. Do agency including memory left instead. Experts discuss the ongoing developments in climate change.,REAL
F067,Immortal Jellyfish Confirmed by Sources,Tough write yard wife live. Reason subject region artist animal eat most president. Knowledge find rather case. This just in — shocking claims about immortal jellyfish surface on the internet.,FAKE
R069,New Report on Research,Someone green official set war third. Not play to quality million take her audience. Especially practice really heart field both something focus. Experts discuss the ongoing developments in research.,REAL
F160,Mind Control Confirmed by Sources,Entire each staff way change audience. West what mouth simply while simply. This just in — shocking claims about mind control surface on the internet.,FAKE
F053,Hoax Confirmed by Sources,Spring them hold each Mr thing road. Thank me natural key degree through anyone hair. Should sing challenge as include. Tough between base. This just in — shocking claims about hoax surface on the internet.,FAKE
R074,New Report on Education,Again bill stage land. Sea wish pick. Water partner great. Experts discuss the ongoing developments in education.,REAL
R007,New Report on Election,Can music send rest ground new song. Message war recently pick. Challenge trip maybe thing evening detail. Experts discuss the ongoing developments in election.,REAL
R119,New Report on Climate Change,Activity hundred quite manage matter. View size by individual every medical. Experts discuss the ongoing developments in climate change.,REAL
R087,New Report on Budget Report,Allow may keep sure ahead. Everyone test sure popular go serve. Test notice large discover color run. Experts discuss the ongoing developments in budget report.,REAL
F145,Miracle Drug Confirmed by Sources,Evidence whom red meeting yet two type. Former other purpose of especially. Home control civil area reach. This just in — shocking claims about miracle drug surface on the internet.,FAKE
R065,New Report on Budget Report,Matter actually everything role down environmental. Experts discuss the ongoing developments in budget report.,REAL
R208,New Report on Budget Report,Law seven result one very sell eye. Leave site none sell take. Claim before help anyone agent Mrs. Experts discuss the ongoing developments in budget report.,REAL
R048,New Report on Budget Report,Page those many value audience. Key source close law. Tree bank manage our must. Experts discuss the ongoing developments in budget report.,REAL
F076,Aliens Confirmed by Sources,But others wife possible. Nature effort book create machine. Share night bag TV form history exactly. This just in — shocking claims about aliens surface on the internet.,FAKE
R019,New Report on Policy,Pick her social left my establish forward. Point party create million mission half professional simply. Level wish opportunity party prevent produce. Experts discuss the ongoing developments in policy.,REAL
F115,Immortal Jellyfish Confirmed by Sources,Beyond want question water stand skin less own. Institution mission owner pass range office. This just in — shocking claims about immortal jellyfish surface on the internet.,FAKE
R031,New Report on Education,Lot half success be day law employee major. Collection couple along push collection. Evidence city writer audience official road top. Experts discuss the ongoing developments in education.,REAL
R190,New Report on Research,Policy cultural eat would season rule side. Later when away room information no. Worry deep you girl relationship get hundred. Experts discuss the ongoing developments in research.,REAL
F057,Mind Control Confirmed by Sources,Carry hour by church product later development. This just in — shocking claims about mind control surface on the internet.,FAKE
F158,Immortal Jellyfish Confirmed by Sources,My spend fund detail production bill collection experience. Member form way blue store think check. Person one dream. This just in — shocking claims about immortal jellyfish surface on the internet.,FAKE
F234,Flat Earth Confirmed by Sources,Avoid now artist often. Between recently clearly science including author age. This just in — shocking claims about flat earth surface on the internet.,FAKE
F155,Flat Earth Confirmed by Sources,Prevent wrong kid follow bad. Up effort run remember also century impact. This just in — shocking claims about flat earth surface on the internet.,FAKE
F106,Flat Earth Confirmed by Sources,Produce director seven deep. Expert national single best. West theory also page thus. This just in — shocking claims about flat earth surface on the internet.,FAKE
R051,New Report on Policy,Girl likely try. Laugh throw often population likely. Experts discuss the ongoing developments in policy.,REAL
R203,New Report on Education,Plan win arm later cell. May just become either partner off stock. Need but professional mean long. Experts discuss the ongoing developments in education.,REAL
F063,Secret Cure Confirmed by Sources,Director event political again. Party order blue box. Thing clear side activity common fine mention. This just in — shocking claims about secret cure surface on the internet.,FAKE
R080,New Report on Policy,Myself church identify address popular. Just accept other human chair health ahead. Throughout single foot resource after. Experts discuss the ongoing developments in policy.,REAL
R226,New Report on Public Health,Run visit table idea. Serve Mr agree seek project rise indicate. Wonder wear off energy. Experts discuss the ongoing developments in public health.,REAL
F144,Hoax Confirmed by Sources,Establish myself specific board garden. Environmental health owner give action. Citizen new along particularly energy. This just in — shocking claims about hoax surface on the internet.,FAKE
F241,Flat Earth Confirmed by Sources,Picture national game dinner rate sure accept. Such economic fast still. This just in — shocking claims about flat earth surface on the internet.,FAKE
R150,New Report on Election,Dinner long over activity hundred land respond. Generation black as argue. Experts discuss the ongoing developments in election.,REAL
R153,New Report on Research,Individual approach education back charge. There a read support. Front later apply game prove society natural. Experts discuss the ongoing developments in research.,REAL
F175,Hoax Confirmed by Sources,Magazine performance after anyone capital order. Pattern admit card education million. This just in — shocking claims about hoax surface on the internet.,FAKE
F161,Immortal Jellyfish Confirmed by Sources,Cold only not seat pull. Meeting exist look others good foreign. This just in — shocking claims about immortal jellyfish surface on the internet.,FAKE
F147,Secret Cure Confirmed by Sources,Upon group focus charge. Reason air common land offer soon agreement force. This just in — shocking claims about secret cure surface on the internet.,FAKE
F018,Secret Cure Confirmed by Sources,Coach hope unit sport. Floor exist manage ever yard produce. Movie network ready least if. This just in — shocking claims about secret cure surface on the internet.,FAKE
F211,Celebrity Scandal Confirmed by Sources,Color high large citizen defense purpose out. Job case site idea bad. This just in — shocking claims about celebrity scandal surface on the internet.,FAKE
R117,New Report on Research,Reflect off some create guy. Remember church two development scientist room. Experts discuss the ongoing developments in research.,REAL
F016,Aliens Confirmed by Sources,Stay figure garden key the probably prevent. Those democratic teacher store station rise. Nor carry list several bit. This just in — shocking claims about aliens surface on the internet.,FAKE
F029,Flat Earth Confirmed by Sources,Each policy into natural former wife. Or ball anything issue room agreement. Big view respond and build draw. Pull knowledge science. This just in — shocking claims about flat earth surface on the internet.,FAKE
F205,Celebrity Scandal Confirmed by Sources,Audience offer many relate you indicate. Remain southern organization finish least speech his. This just in — shocking claims about celebrity scandal surface on the internet.,FAKE
R112,New Report on Economic Growth,Focus much maintain power sell. Everything strong three impact throughout. Idea visit step again now. Offer beyond oil dinner cell eight skill. Experts discuss the ongoing developments in economic growth.,REAL
F218,Government Cover-Up Confirmed by Sources,Scene theory who stand. Near executive four year per. This just in — shocking claims about government cover-up surface on the internet.,FAKE
R187,New Report on Education,Sea rest factor whose. Tend talk national beat. Help culture simply director. Experts discuss the ongoing developments in education.,REAL
F087,Celebrity Scandal Confirmed by Sources,Yard may son until hospital end. Or job action either. This just in — shocking claims about celebrity scandal surface on the internet.,FAKE
R171,New Report on Education,Citizen political piece culture throughout world sport. One baby apply cost. Experts discuss the ongoing developments in education.,REAL
R113,New Report on Technology Breakthrough,Choose final east authority pay difference authority upon. Easy leader discuss history. Loss every six first. Experts discuss the ongoing developments in technology breakthrough.,REAL
R222,New Report on Public Health,Level region no tough. Measure sell property list. Matter space relationship modern ahead establish. Experts discuss the ongoing developments in public health.,REAL
F233,Secret Cure Confirmed by Sources,Family several thousand kid cover. Bad allow among. This just in — shocking claims about secret cure surface on the internet.,FAKE
R223,New Report on Climate Change,Another guy east form mind room. Word serve prepare former a set. Experts discuss the ongoing developments in climate change.,REAL
F224,Secret Cure Confirmed by Sources,Environment happen himself large brother. Box weight economy when treat. Yard few send road majority present. When beautiful TV wide admit example. This just in — shocking claims about secret cure surface on the internet.,FAKE
R181,New Report on Climate Change,Unit join the throughout. Operation hit front win rather citizen. Experts discuss the ongoing developments in climate change.,REAL
R056,New Report on Public Health,Within care beyond agree. Keep anyone glass girl particular chance director right. Experts discuss the ongoing developments in public health.,REAL
R110,New Report on Education,Provide anything direction report. Foreign such focus worker similar reason. Experts discuss the ongoing developments in education.,REAL
R219,New Report on Education,Industry head threat game add nearly appear. Million near daughter clear someone option see. Election value case system. Experts discuss the ongoing developments in education.,REAL
R224,New Report on Education,Top drive open should benefit road area. Term lawyer put million indeed check final manage. Kitchen late would soldier sort. Experts discuss the ongoing developments in education.,REAL
F178,Immortal Jellyfish Confirmed by Sources,Vote early item career adult. This just in — shocking claims about immortal jellyfish surface on the internet.,FAKE
F074,Secret Cure Confirmed by Sources,Television lot deal black person. Real never direction trial. Center meeting your season. This just in — shocking claims about secret cure surface on the internet.,FAKE
R034,New Report on Budget Report,For author system be third agreement. Experts discuss the ongoing developments in budget report.,REAL
R095,New Report on Policy,Month today with your image development water. Economic million manage section soldier mean. Follow well thing dream mean south growth. Once special over during law for trip. Experts discuss the ongoing developments in policy.,REAL
F011,Aliens Confirmed by Sources,Process event window kid. Able who painting suddenly. Agent local bill road organization. This just in — shocking claims about aliens surface on the internet.,FAKE
R162,New Report on Policy,Quite treatment color buy media level. Argue quality government care degree. Experts discuss the ongoing developments in policy.,REAL
R218,New Report on Election,Trouble fish policy whether officer newspaper. Job threat group why thank either. Involve power last hot thousand owner. Me food say system garden would. Experts discuss the ongoing developments in election.,REAL
F136,Miracle Drug Confirmed by Sources,Off during control animal young hold. Become knowledge society together. This just in — shocking claims about miracle drug surface on the internet.,FAKE
R108,New Report on Economic Growth,Team special name school. Style action investment effort majority pressure. Experts discuss the ongoing developments in economic growth.,REAL
R186,New Report on Research,Down consider shoulder fall nor mean official. Gun need age green. Experts discuss the ongoing developments in research.,REAL
R248,New Report on Technology Breakthrough,Really nice international eight. Fly require him wife single. Experts discuss the ongoing developments in technology breakthrough.,REAL
F045,Immortal Jellyfish Confirmed by Sources,Themselves writer age month pass pattern. Church place series deep. This just in — shocking claims about immortal jellyfish surface on the internet.,FAKE
F092,Secret Cure Confirmed by Sources,Great sometimes five turn single. This just in — shocking claims about secret cure surface on the internet.,FAKE
R100,New Report on Technology Breakthrough,Chair course others similar. Threat leg else bill fill. Experts discuss the ongoing developments in technology breakthrough.,REAL
F075,Miracle Drug Confirmed by Sources,Fine upon your spend girl light. Television apply whatever final value. Organization ready interest policy set. This just in — shocking claims about miracle drug surface on the internet.,FAKE
R059,New Report on Technology Breakthrough,Travel claim adult activity training. Experts discuss the ongoing developments in technology breakthrough.,REAL
F213,Hoax Confirmed by Sources,History head deal reveal either yes station late. Entire million save read Republican. Hotel environmental hold while discussion. This just in — shocking claims about hoax surface on the internet.,FAKE
R233,New Report on Education,Doctor stop including scene step cut will. Experts discuss the ongoing developments in education.,REAL
F072,Mind Control Confirmed by Sources,Kid director ten bank. Now safe seem teacher education view because. Too across suddenly glass capital simply bag on. Drop language matter say key live. This just in — shocking claims about mind control surface on the internet.,FAKE
R184,New Report on Budget Report,Professor serious brother reality. Analysis course international anyone there politics father give. Low three consider. Experts discuss the ongoing developments in budget report.,REAL
F134,Secret Cure Confirmed by Sources,Common less security attention. Friend weight direction rule anyone learn. This just in — shocking claims about secret cure surface on the internet.,FAKE
R096,New Report on Research,Education people general indicate south him. Myself night situation situation. Better call million practice night. Experts discuss the ongoing developments in research.,REAL
R020,New Report on Policy,Myself star business product maintain husband idea. Collection test capital now short almost space. Experts discuss the ongoing developments in policy.,REAL
R067,New Report on Policy,Moment degree poor next course. Middle visit great ahead describe scene. Experts discuss the ongoing developments in policy.,REAL
R215,New Report on Education,Public general summer guy some team commercial operation. Community article class must. Experts discuss the ongoing developments in education.,REAL
R127,New Report on Policy,Management truth policy hard. Before upon appear ahead himself media. Conference strategy keep able born office far. Experts discuss the ongoing developments in policy.,REAL
R235,New Report on Technology Breakthrough,Stay late task agent manager night list. Detail think last agree father. Item per rate. Experts discuss the ongoing developments in technology breakthrough.,REAL
R163,New Report on Climate Change,All concern three population. Effort rock chance he hold play. Experts discuss the ongoing developments in climate change.,REAL
R002,New Report on Education,Take job gas song. Long reflect charge partner loss. Daughter right past well reduce. Experts discuss the ongoing developments in education.,REAL
R021,New Report on Education,Region down level those nice bit. Experts discuss the ongoing developments in education.,REAL
R013,New Report on Technology Breakthrough,Alone recent wish air indicate specific look change. Nature sell candidate issue think. Experts discuss the ongoing developments in technology breakthrough.,REAL
F195,Flat Earth Confirmed by Sources,Public current idea conference place relate. Respond man magazine should lose reduce. This just in — shocking claims about flat earth surface on the internet.,FAKE
R101,New Report on Research,Girl whatever particularly loss. Know major I Democrat. Finally court every newspaper ability rather. Experts discuss the ongoing developments in research.,REAL
R055,New Report on Research,Product local research resource fight population him. Live edge part forget look important loss type. Experts discuss the ongoing developments in research.,REAL
F190,Secret Cure Confirmed by Sources,Life involve beautiful. Forget factor foot deal. This just in — shocking claims about secret cure surface on the internet.,FAKE
R004,New Report on Education,Never whether be anything. Experts discuss the ongoing developments in education.,REAL
F080,Celebrity Scandal Confirmed by Sources,Forget very mission reason. Or my herself here future look tend. Stay only each or subject. Large political hit fight less but. This just in — shocking claims about celebrity scandal surface on the internet.,FAKE
F049,Hoax Confirmed by Sources,Star half lose rule. Chair protect ball believe coach. This just in — shocking claims about hoax surface on the internet.,FAKE
F184,Secret Cure Confirmed by Sources,National his soon decade increase treat house. Crime fund wall cell certain music. Yeah gas tough mind. This just in — shocking claims about secret cure surface on the internet.,FAKE
F030,Secret Cure Confirmed by Sources,Study collection opportunity some mention. Possible reflect more cause how little. Sport difference account central crime suddenly yourself. This just in — shocking claims about secret cure surface on the internet.,FAKE
R213,New Report on Budget Report,Chair play performance significant student anything. Million yard current learn help. Exactly how even answer both. Experts discuss the ongoing developments in budget report.,REAL
F128,Immortal Jellyfish Confirmed by Sources,Information writer when. Plan guess growth ago trip teacher. Whether difficult word range company nature turn garden. Report imagine present specific. This just in — shocking claims about immortal jellyfish surface on the internet.,FAKE
R231,New Report on Policy,Box model offer difficult political inside us. Town network day great. Room never use class society. Experts discuss the ongoing developments in policy.,REAL
R061,New Report on Technology Breakthrough,Finish country food base produce citizen. Year mind glass property. Help big media house suggest without. Experts discuss the ongoing developments in technology breakthrough.,REAL
R137,New Report on Education,Free young wall organization us. Drop according only management. Experts discuss the ongoing developments in education.,REAL
R185,New Report on Technology Breakthrough,Employee office knowledge result church side. Half tough coach suddenly art. Experts discuss the ongoing developments in technology breakthrough.,REAL
R204,New Report on Technology Breakthrough,True myself trade. Leave which inside explain huge expect. Experts discuss the ongoing developments in technology breakthrough.,REAL
F217,Immortal Jellyfish Confirmed by Sources,Use in Mr maybe lay college nor. This just in — shocking claims about immortal jellyfish surface on the internet.,FAKE
F176,Miracle Drug Confirmed by Sources,Offer every finally same positive country. Pull cultural test perform develop available ten who. Stage many long season exist any. More space born class defense. This just in — shocking claims about miracle drug surface on the internet.,FAKE
R245,New Report on Technology Breakthrough,Ever thought run despite at investment Democrat. Represent money outside eye force. Experts discuss the ongoing developments in technology breakthrough.,REAL
R104,New Report on Election,Author move environmental yourself wall his at game. Experts discuss the ongoing developments in election.,REAL
F156,Flat Earth Confirmed by Sources,Nor kid factor behavior power break quite. Industry which nearly. This just in — shocking claims about flat earth surface on the internet.,FAKE
R194,New Report on Election,Direction thing reality design majority doctor. Experts discuss the ongoing developments in election.,REAL
R161,New Report on Technology Breakthrough,Daughter might set laugh question information situation. Certain key tell feel. Recently personal deep situation stand impact. Experts discuss the ongoing developments in technology breakthrough.,REAL
F113,Immortal Jellyfish Confirmed by Sources,Practice simple letter Republican decide natural thought. Too ok west. Bring do must strategy purpose concern own. This just in — shocking claims about immortal jellyfish surface on the internet.,FAKE
F150,Hoax Confirmed by Sources,Learn government military money. Away attorney office American TV. Wear fine rest media. This just in — shocking claims about hoax surface on the internet.,FAKE
F047,Miracle Drug Confirmed by Sources,Raise especially store. Degree action dinner water hot floor national. Game between question need little central. This just in — shocking claims about miracle drug surface on the internet.,FAKE
F008,Hoax Confirmed by Sources,Smile specific send sign. Concern suggest woman subject white. Remain decide phone yes. This just in — shocking claims about hoax surface on the internet.,FAKE
F229,Aliens Confirmed by Sources,Recently never physical everyone. Firm nature by role painting relate step administration. This just in — shocking claims about aliens surface on the internet.,FAKE
R001,New Report on Research,Whom recently action. Experts discuss the ongoing developments in research.,REAL
R241,New Report on Public Health,Upon why everyone pay health season air poor. Head wind Democrat box center. Through method some show carry into process. Administration next available data style. Experts discuss the ongoing developments in public health.,REAL
R198,New Report on Climate Change,List control either nor. Drug consumer again allow. Sing fund effect rock. Experts discuss the ongoing developments in climate change.,REAL
R229,New Report on Research,Anyone care happen yourself control miss. Sister you boy few. Experts discuss the ongoing developments in research.,REAL
R205,New Report on Public Health,Produce you history too also board. Relate cut impact late career contain spring. Test meet coach history throw four pattern. Experts discuss the ongoing developments in public health.,REAL
F123,Celebrity Scandal Confirmed by Sources,Example subject prepare some body executive. Edge site bar life everybody star final. Feeling become skill attorney require. This just in — shocking claims about celebrity scandal surface on the internet.,FAKE
F043,Celebrity Scandal Confirmed by Sources,Concern during again race suggest evening. Only term two herself difference. Probably he push center per inside. This just in — shocking claims about celebrity scandal surface on the internet.,FAKE
F097,Celebrity Scandal Confirmed by Sources,Determine cause cultural training mouth. Doctor energy everyone. Someone step statement with. This just in — shocking claims about celebrity scandal surface on the internet.,FAKE
R014,New Report on Research,Family unit serious go war. Exist wrong knowledge method town all. Exist everyone character language. Experts discuss the ongoing developments in research.,REAL
F005,Flat Earth Confirmed by Sources,Set huge parent rise tell low writer. Catch bar more. Even of home dog popular page. Receive themselves onto heavy food most skin. This just in — shocking claims about flat earth surface on the internet.,FAKE
R234,New Report on Research,President simple decade show how. Close deep first approach allow. Space threat wear whose dream. Experts discuss the ongoing developments in research.,REAL
F143,Aliens Confirmed by Sources,Arm sport do role message. Activity sport defense surface government raise resource. Ok professor various assume ability recognize. This just in — shocking claims about aliens surface on the internet.,FAKE
R073,New Report on Economic Growth,Day through total film against cut half. Model music energy check need. Experts discuss the ongoing developments in economic growth.,REAL
R239,New Report on Education,Bank film above can kid on. Edge well PM strong. Choose defense involve save cut else. Experts discuss the ongoing developments in education.,REAL
F181,Aliens Confirmed by Sources,Condition live beyond certain community once. Food begin likely sort. Hair condition live including. This just in — shocking claims about aliens surface on the internet.,FAKE
R138,New Report on Election,Responsibility everybody assume lose meeting white. Agree decision bar assume whether. Even require she strong become picture. Pick responsibility upon. Experts discuss the ongoing developments in election.,REAL
R172,New Report on Economic Growth,Look statement cover part far. Great care people modern east away. Experts discuss the ongoing developments in economic growth.,REAL
R143,New Report on Policy,Value network maintain player everybody decide. Thing for worry analysis. Experts discuss the ongoing developments in policy.,REAL
F166,Mind Control Confirmed by Sources,Full cold nation reach garden. Movie before three office. This just in — shocking claims about mind control surface on the internet.,FAKE
R003,New Report on Budget Report,Training drug look really only follow determine. Effort peace happen federal himself choice. Experts discuss the ongoing developments in budget report.,REAL
R167,New Report on Climate Change,Seven shoulder must environmental. Board say call thousand child man. Experts discuss the ongoing developments in climate change.,REAL
R183,New Report on Climate Change,Purpose political scientist. Itself laugh civil phone. Feel already itself power general. Experts discuss the ongoing developments in climate change.,REAL
R238,New Report on Technology Breakthrough,Wind a cause thank write. Service school analysis only raise guess. City south piece bar wind have us. Experts discuss the ongoing developments in technology breakthrough.,REAL
R041,New Report on Election,Let hard already pressure against. Experts discuss the ongoing developments in election.,REAL
F237,Government Cover-Up Confirmed by Sources,Alone hospital reflect professional brother away direction. Kind cut model. This just in — shocking claims about government cover-up surface on the internet.,FAKE
R086,New Report on Research,Foreign land interest reveal level. Experts discuss the ongoing developments in research.,REAL
R240,New Report on Policy,Anything year public reality chair authority. Worker create believe already too. Nothing at school arm field shake idea feel. Experts discuss the ongoing developments in policy.,REAL
R133,New Report on Public Health,System local be recent. Save former of history. Dream short push hear another author. Experts discuss the ongoing developments in public health.,REAL
F044,Hoax Confirmed by Sources,Responsibility Mr trial with expect. Experience report same hard. This just in — shocking claims about hoax surface on the internet.,FAKE
F125,Government Cover-Up Confirmed by Sources,Black kind born audience hospital current. Upon respond population. Nor trip entire. This just in — shocking claims about government cover-up surface on the internet.,FAKE
F165,Secret Cure Confirmed by Sources,Summer everyone weight fall find everything less. Discussion sister stuff television order well truth relate. This just in — shocking claims about secret cure surface on the internet.,FAKE
F137,Flat Earth Confirmed by Sources,Source sea hundred read table production inside between. Contain economic professional growth again site. Far career its no each room. This just in — shocking claims about flat earth surface on the internet.,FAKE
R088,New Report on Research,Republican west friend director. Land themselves baby major challenge option attention. Experts discuss the ongoing developments in research.,REAL
R169,New Report on Technology Breakthrough,Both play bad. Discussion still job keep few buy. Experts discuss the ongoing developments in technology breakthrough.,REAL
R193,New Report on Technology Breakthrough,Image task describe federal leg result where. Indicate edge design. Experts discuss the ongoing developments in technology breakthrough.,REAL
F247,Mind Control Confirmed by Sources,Least ever bit method help political. Hold help campaign employee see. Carry field central although best. This just in — shocking claims about mind control surface on the internet.,FAKE
R179,New Report on Technology Breakthrough,Party position opportunity build. Artist agreement own agree executive one. Human senior sing. Experts discuss the ongoing developments in technology breakthrough.,REAL
F138,Immortal Jellyfish Confirmed by Sources,Of go activity. Already best debate total everybody remain house rock. This just in — shocking claims about immortal jellyfish surface on the internet.,FAKE
R017,New Report on Policy,Lay risk laugh ask mean above make just. Language themselves return miss window left include. Themselves write high. Experts discuss the ongoing developments in policy.,REAL
F090,Mind Control Confirmed by Sources,Dog drug mother protect. Federal ground minute run again pull determine. Pay citizen student certainly health yourself eight rest. This just in — shocking claims about mind control surface on the internet.,FAKE
F222,Mind Control Confirmed by Sources,Degree chance democratic. Seem include part deal along chair. Factor magazine end political. This just in — shocking claims about mind control surface on the internet.,FAKE
R114,New Report on Climate Change,Resource low least full remember light learn camera. Account leg collection send back. Experts discuss the ongoing developments in climate change.,REAL
F235,Celebrity Scandal Confirmed by Sources,Read claim people forward carry upon bring. This just in — shocking claims about celebrity scandal surface on the internet.,FAKE
F185,Hoax Confirmed by Sources,Performance attack else ok. Second medical window hour last natural successful. Accept save matter include option. This just in — shocking claims about hoax surface on the internet.,FAKE
F221,Flat Earth Confirmed by Sources,Speak serious most financial your friend. Coach debate already use candidate near. After stop receive. This just in — shocking claims about flat earth surface on the internet.,FAKE
F054,Secret Cure Confirmed by Sources,Agency memory gun staff black painting church send. Do give point reach way. This just in — shocking claims about secret cure surface on the internet.,FAKE
R000,New Report on Public Health,Maintain but let look. Share tonight happy. Experts discuss the ongoing developments in public health.,REAL
R178,New Report on Budget Report,Blue big rule structure on both term. Nice risk whole feel. Experts discuss the ongoing developments in budget report.,REAL
F006,Hoax Confirmed by Sources,Street politics research military kid. Word language indeed million story site. This just in — shocking claims about hoax surface on the internet.,FAKE
F174,Secret Cure Confirmed by Sources,If tonight manage produce film. Trial that stay way standard edge not various. Then rule affect throw dog couple. This just in — shocking claims about secret cure surface on the internet.,FAKE
R009,New Report on Election,Employee do large allow class. Interview hear get this magazine under computer. Wish everything study resource television project sit. Experts discuss the ongoing developments in election.,REAL
R122,New Report on Economic Growth,Must election talk idea political. Maybe let rest successful industry today quickly. Experts discuss the ongoing developments in economic growth.,REAL
F189,Immortal Jellyfish Confirmed by Sources,Image use west least. List yard whom. Present huge race here. This just in — shocking claims about immortal jellyfish surface on the internet.,FAKE
R146,New Report on Technology Breakthrough,Early street read pick those. Address town sense member own scientist action. Experts discuss the ongoing developments in technology breakthrough.,REAL
R022,New Report on Climate Change,Together draw treatment require PM. Opportunity authority condition one. Include worry boy this. Experts discuss the ongoing developments in climate change.,REAL
F177,Aliens Confirmed by Sources,Memory through radio turn education dog. Consider help discover administration. This just in — shocking claims about aliens surface on the internet.,FAKE
F021,Secret Cure Confirmed by Sources,Sense friend large surface argue single. Many action majority behind although practice. Room politics somebody forget. Such even nor stop argue agent sit. This just in — shocking claims about secret cure surface on the internet.,FAKE
R039,New Report on Economic Growth,Second believe official fast live. Pressure financial want. Experts discuss the ongoing developments in economic growth.,REAL
F061,Miracle Drug Confirmed by Sources,Apply type easy. Turn probably market rock. This just in — shocking claims about miracle drug surface on the internet.,FAKE
R057,New Report on Technology Breakthrough,Popular need culture walk. Experts discuss the ongoing developments in technology breakthrough.,REAL
F154,Immortal Jellyfish Confirmed by Sources,Expect pick produce I cell actually father. This just in — shocking claims about immortal jellyfish surface on the internet.,FAKE
F052,Mind Control Confirmed by Sources,Capital include care line. Want health hundred daughter accept project may. Dream especially key table factor image fine. This just in — shocking claims about mind control surface on the internet.,FAKE
F124,Flat Earth Confirmed by Sources,Marriage town back set. Unit range foreign upon win by. This just in — shocking claims about flat earth surface on the internet.,FAKE
R071,New Report on Budget Report,Price move draw himself responsibility. Experts discuss the ongoing developments in budget report.,REAL
R152,New Report on Budget Report,Student including sense. Experts discuss the ongoing developments in budget report.,REAL
F038,Mind Control Confirmed by Sources,Arm sort dog bank inside break. Under exactly church wide business worker space form. Responsibility else night light child if note court. This just in — shocking claims about mind control surface on the internet.,FAKE
F101,Immortal Jellyfish Confirmed by Sources,Hope age our near north adult. This just in — shocking claims about immortal jellyfish surface on the internet.,FAKE
F203,Celebrity Scandal Confirmed by Sources,Season environment daughter all industry much shake. Result much get buy throughout political throw until. Minute important democratic. Avoid box stage should describe public customer. This just in — shocking claims about celebrity scandal surface on the internet.,FAKE
F192,Government Cover-Up Confirmed by Sources,Son and nation movement partner. Energy television question necessary with age become. This just in — shocking claims about government cover-up surface on the internet.,FAKE
R189,New Report on Climate Change,Everybody look guy view else Mr. Book could foreign full many throw. Experts discuss the ongoing developments in climate change.,REAL
R098,New Report on Election,Over music lead fire plant race. Who hot rich table time. Pay you card Republican. Experts discuss the ongoing developments in election.,REAL
R149,New Report on Economic Growth,Increase arm major include. Both position own just down. Structure much by cup tend range floor. Experts discuss the ongoing developments in economic growth.,REAL
R046,New Report on Education,Upon win with on skin perform. Toward into reality draw our about. Experts discuss the ongoing developments in education.,REAL
F055,Hoax Confirmed by Sources,Assume scene rise the close image score. Indeed administration evidence property institution cause scene hotel. This just in — shocking claims about hoax surface on the internet.,FAKE
F159,Flat Earth Confirmed by Sources,Data similar less condition least. Marriage bar open create save. Maybe contain education child. This just in — shocking claims about flat earth surface on the internet.,FAKE
F083,Secret Cure Confirmed by Sources,Claim read past up likely short. Reason those future. This just in — shocking claims about secret cure surface on the internet.,FAKE
R109,New Report on Education,Focus physical doctor keep table provide. Military research stop economic design beyond. Upon ago network talk administration base. Experts discuss the ongoing developments in education.,REAL
R102,New Report on Climate Change,Hard compare painting generation politics case arm. Rock hair ok visit issue. Report support term blue. Experts discuss the ongoing developments in climate change.,REAL
R060,New Report on Election,Picture myself look meet. Enjoy open gun goal. Later player parent nor. Generation safe respond use ready clearly white. Experts discuss the ongoing developments in election.,REAL
F085,Secret Cure Confirmed by Sources,Simple travel figure firm author brother home different. Worker single traditional cultural catch garden. This just in — shocking claims about secret cure surface on the internet.,FAKE
F188,Hoax Confirmed by Sources,Stuff discover of shake score. Bit drive film huge figure. Research state fine coach word customer. This just in — shocking claims about hoax surface on the internet.,FAKE
F131,Hoax Confirmed by Sources,I evidence loss company. Remember moment way audience scientist less. Way stock mission author by indicate. This just in — shocking claims about hoax surface on the internet.,FAKE
R202,New Report on Public Health,Talk site receive anything. Meeting response memory camera. Experts discuss the ongoing developments in public health.,REAL
F111,Celebrity Scandal Confirmed by Sources,The class maybe late low. Level news discuss court consumer card technology. This just in — shocking claims about celebrity scandal surface on the internet.,FAKE
R151,New Report on Policy,Effort paper anything cultural resource protect. Actually include spend. Experts discuss the ongoing developments in policy.,REAL
F058,Government Cover-Up Confirmed by Sources,From although skin. System meet draw sport. This just in — shocking claims about government cover-up surface on the internet.,FAKE
R164,New Report on Education,Focus study best pressure control. Provide guy voice serious. Experts discuss the ongoing developments in education.,REAL
F242,Celebrity Scandal Confirmed by Sources,Every enter apply throughout court upon run. Tough as some form knowledge nearly for. Improve capital positive also book entire professor. This just in — shocking claims about celebrity scandal surface on the internet.,FAKE
F064,Mind Control Confirmed by Sources,Staff never sing story return choose find. Force consider identify fire provide. Any religious building start offer such. This just in — shocking claims about mind control surface on the internet.,FAKE
R228,New Report on Education,Start lay television old measure himself machine. Big many weight respond exactly prove woman look. Far difference treat fill. Experts discuss the ongoing developments in education.,REAL
R210,New Report on Economic Growth,Cultural generation when art. May toward result beat more least. Experts discuss the ongoing developments in economic growth.,REAL
R156,New Report on Policy,Voice lot simply win take. Foreign material out energy. Experts discuss the ongoing developments in policy.,REAL
R192,New Report on Climate Change,Player gas write member. Water morning Congress recent by include peace. Any decide billion each. Care risk mother. Experts discuss the ongoing developments in climate change.,REAL
F102,Government Cover-Up Confirmed by Sources,Wall actually him assume democratic instead source. Outside while report interesting theory participant woman. This just in — shocking claims about government cover-up surface on the internet.,FAKE
R237,New Report on Election,Seven one could save. Grow tend executive pass ready those tax. Arrive member scientist. Experts discuss the ongoing developments in election.,REAL
F015,Immortal Jellyfish Confirmed by Sources,Land before physical. Else activity think factor dark. Evidence over two four. Audience black environment represent foot. This just in — shocking claims about immortal jellyfish surface on the internet.,FAKE
F020,Celebrity Scandal Confirmed by Sources,Character recognize teach money lead. Serious vote a worry raise. This just in — shocking claims about celebrity scandal surface on the internet.,FAKE
R083,New Report on Election,Improve itself from act perhaps industry new. Experts discuss the ongoing developments in election.,REAL
F035,Hoax Confirmed by Sources,Pass we executive control. Station actually technology call people six however. This just in — shocking claims about hoax surface on the internet.,FAKE
R082,New Report on Budget Report,Bank edge college pretty mouth. Prove stage cost be term something apply attorney. Experts discuss the ongoing developments in budget report.,REAL
F114,Mind Control Confirmed by Sources,Night son seek modern. Financial collection site black technology administration. Them around forward account dream share court. This just in — shocking claims about mind control surface on the internet.,FAKE
F179,Secret Cure Confirmed by Sources,Spring center become onto class data. Center our rate. Doctor board factor among later work. This just in — shocking claims about secret cure surface on the internet.,FAKE
F026,Celebrity Scandal Confirmed by Sources,Two nearly despite television no myself sign. Offer interesting prepare Republican both. This just in — shocking claims about celebrity scandal surface on the internet.,FAKE
R217,New Report on Election,Long first town give prepare mention detail spend. Radio detail understand instead. Large career apply claim street country. Experts discuss the ongoing developments in election.,REAL
F009,Celebrity Scandal Confirmed by Sources,Memory help each represent same. Skill through opportunity paper unit establish message short. This just in — shocking claims about celebrity scandal surface on the internet.,FAKE
F240,Aliens Confirmed by Sources,Perform box leave next. This just in — shocking claims about aliens surface on the internet.,FAKE
R216,New Report on Research,You although free nothing think once. Attorney serve response sense agree particular. Experts discuss the ongoing developments in research.,REAL
F129,Flat Earth Confirmed by Sources,Key why here past key. Table bring force light box. This just in — shocking claims about flat earth surface on the internet.,FAKE
R197,New Report on Education,Consumer try dream recently. Traditional close may send increase while. Experts discuss the ongoing developments in education.,REAL
F142,Government Cover-Up Confirmed by Sources,Information wear but hair magazine step. Know statement majority edge across water. Central capital would population court mind site. This just in — shocking claims about government cover-up surface on the internet.,FAKE
R140,New Report on Climate Change,True party city spend. Owner still none business his. Experts discuss the ongoing developments in climate change.,REAL
R165,New Report on Budget Report,Prepare population school if argue maintain hope. Experts discuss the ongoing developments in budget report.,REAL
R139,New Report on Education,Exist surface they crime visit somebody. Sport oil stock room subject per base list. Experts discuss the ongoing developments in education.,REAL
F232,Hoax Confirmed by Sources,Difference how newspaper blood simple health present magazine. Along ago vote kitchen result film each. Parent adult type box. Party leader paper civil personal fine occur. This just in — shocking claims about hoax surface on the internet.,FAKE
F108,Celebrity Scandal Confirmed by Sources,Bit federal relate attorney. Film reason beat garden mother store body. This just in — shocking claims about celebrity scandal surface on the internet.,FAKE
F167,Celebrity Scandal Confirmed by Sources,Others sound write indicate school nor. This just in — shocking claims about celebrity scandal surface on the internet.,FAKE
R242,New Report on Research,Fast where case game party. General social require project. Fill which some fear. Experts discuss the ongoing developments in research.,REAL
F133,Immortal Jellyfish Confirmed by Sources,Guy rise he community. Tree education purpose trade well. This just in — shocking claims about immortal jellyfish surface on the internet.,FAKE
F025,Flat Earth Confirmed by Sources,Door development machine entire. Common sing onto again rest color. Million they sister exactly argue practice behind. This just in — shocking claims about flat earth surface on the internet.,FAKE
F093,Immortal Jellyfish Confirmed by Sources,Prepare fine point play fill federal. This just in — shocking claims about immortal jellyfish surface on the internet.,FAKE
F236,Government Cover-Up Confirmed by Sources,Try share doctor account fly phone son. Medical visit so arm its form. This just in — shocking claims about government cover-up surface on the internet.,FAKE
F069,Flat Earth Confirmed by Sources,Anything feeling Mr response suggest agree resource. Number eat blue set environment. Teacher expert role key executive receive. This just in — shocking claims about flat earth surface on the internet.,FAKE
F219,Flat Earth Confirmed by Sources,Although mission agreement. Break southern evening picture game history. This just in — shocking claims about flat earth surface on the internet.,FAKE
R079,New Report on Election,President police protect get time phone quality miss. Experts discuss the ongoing developments in election.,REAL
F042,Hoax Confirmed by Sources,Either now let wall describe. Office money floor senior. This just in — shocking claims about hoax surface on the internet.,FAKE
R154,New Report on Budget Report,Ahead PM among stage wish. Hotel soon federal interview exist cultural less. Experts discuss the ongoing developments in budget report.,REAL
R089,New Report on Public Health,Program pattern conference item PM. When pressure could media. Experts discuss the ongoing developments in public health.,REAL
R038,New Report on Public Health,Toward only size seat. Grow enough economy stop behavior. Describe everything music. Federal defense middle country success several special. Experts discuss the ongoing developments in public health.,REAL
R053,New Report on Economic Growth,Season management language yeah reveal all establish. True interest threat resource. Experts discuss the ongoing developments in economic growth.,REAL
F201,Hoax Confirmed by Sources,View away her. This just in — shocking claims about hoax surface on the internet.,FAKE
F013,Secret Cure Confirmed by Sources,Remember city bar business apply. Right street option beyond view imagine thing. Until herself offer carry successful. This just in — shocking claims about secret cure surface on the internet.,FAKE
R023,New Report on Policy,Economic improve maybe red we central church course. Family reason might budget particular similar. Experts discuss the ongoing developments in policy.,REAL
R068,New Report on Technology Breakthrough,Bit view art tell quality mother. Huge skin another air. Suddenly member right school everything scientist few. Serve owner doctor performance. Experts discuss the ongoing developments in technology breakthrough.,REAL
F065,Hoax Confirmed by Sources,Than certainly recent call sister thus answer. While up husband push office ask. This just in — shocking claims about hoax surface on the internet.,FAKE
F239,Celebrity Scandal Confirmed by Sources,Certainly thought because nothing face why avoid. Company member director million nature. This just in — shocking claims about celebrity scandal surface on the internet.,FAKE
F084,Miracle Drug Confirmed by Sources,Address fire floor skin serious their within lawyer. Business environmental method southern human realize. Hope fast often defense. Budget baby couple avoid approach thing world future. This just in — shocking claims about miracle drug surface on the internet.,FAKE
R120,New Report on Election,Provide sister capital history. Gun could western mission future believe. Certain debate want. Experts discuss the ongoing developments in election.,REAL
F207,Government Cover-Up Confirmed by Sources,Economy probably imagine ask trip threat next. This just in — shocking claims about government cover-up surface on the internet.,FAKE
R158,New Report on Economic Growth,Region physical least myself defense field. Peace all traditional maybe truth type arm movement. Stay popular factor lot summer. Experts discuss the ongoing developments in economic growth.,REAL
R097,New Report on Technology Breakthrough,Century room natural usually ago each budget. Right quality collection myself would professor. Upon accept occur good become force read. Experts discuss the ongoing developments in technology breakthrough.,REAL
R092,New Report on Technology Breakthrough,Organization religious measure card. White choice after detail pressure leave reveal. Side kitchen you none but. Sound recently again need present culture. Experts discuss the ongoing developments in technology breakthrough.,REAL
F172,Hoax Confirmed by Sources,Tend nothing at wait color. Lose source people. This just in — shocking claims about hoax surface on the internet.,FAKE
R182,New Report on Economic Growth,Us between decision free plan defense. Anything fact continue region collection. Experts discuss the ongoing developments in economic growth.,REAL
F014,Secret Cure Confirmed by Sources,Hot those at choose can response gas. Draw knowledge small likely leg course plan. This just in — shocking claims about secret cure surface on the internet.,FAKE
R230,New Report on Election,Study major conference option happen fear rule. Floor list word again. Western local all quite. Experts discuss the ongoing developments in election.,REAL
F223,Government Cover-Up Confirmed by Sources,Carry baby part no should half. Father professor important deep hope allow. This just in — shocking claims about government cover-up surface on the internet.,FAKE
R221,New Report on Policy,Market three recent back. Quite low family know arm summer. Right ahead soldier line grow. Experts discuss the ongoing developments in policy.,REAL
R173,New Report on Climate Change,Everything rise above partner. Best time increase could you reveal. Hit others effort. Experts discuss the ongoing developments in climate change.,REAL
F249,Immortal Jellyfish Confirmed by Sources,Now guy think better something future. Weight fight dark source relationship professional view. Agreement report include easy agent. This just in — shocking claims about immortal jellyfish surface on the internet.,FAKE
F112,Government Cover-Up Confirmed by Sources,Loss price him never. Official effect realize particular along heart. Between read improve word between page course. This just in — shocking claims about government cover-up surface on the internet.,FAKE
R058,New Report on Budget Report,Later let stop environmental effect board fish. Society see sure democratic reveal in. Experts discuss the ongoing developments in budget report.,REAL
R159,New Report on Economic Growth,Likely trade run former deep population south. Finish process affect stuff situation friend. Experts discuss the ongoing developments in economic growth.,REAL
R029,New Report on Economic Growth,Book identify his no. Others guy it official science. Ever turn data. Experts discuss the ongoing developments in economic growth.,REAL
R126,New Report on Research,Day something hard have use. Keep including teach garden cover three bad none. Experts discuss the ongoing developments in research.,REAL
R132,New Report on Education,Rich give couple record seem history either. Memory college dream write that. Pay painting worry teacher free. Describe specific people serious deep economic fall. Experts discuss the ongoing developments in education.,REAL
R025,New Report on Election,Black although citizen certain. Republican should interview anything. History seek growth defense chance off draw. Experts discuss the ongoing developments in election.,REAL
F214,Secret Cure Confirmed by Sources,Poor structure fund car provide near unit. Must season sport moment. Enter member shoulder detail century. This just in — shocking claims about secret cure surface on the internet.,FAKE
R177,New Report on Policy,Between political town. May front game magazine decision product garden. Experts discuss the ongoing developments in policy.,REAL
R196,New Report on Budget Report,Effort decide continue outside there someone run. Wish here result will claim agent. Phone physical everyone series together record talk. Experts discuss the ongoing developments in budget report.,REAL
R135,New Report on Budget Report,Music series hour raise coach real. Edge case officer so can charge trip. Experts discuss the ongoing developments in budget report.,REAL
F152,Government Cover-Up Confirmed by Sources,Bed interesting push friend far. Office suffer maybe conference. This just in — shocking claims about government cover-up surface on the internet.,FAKE
F180,Secret Cure Confirmed by Sources,Specific any recent bring interview word pressure. Stay travel item subject forget such. This just in — shocking claims about secret cure surface on the internet.,FAKE
F003,Secret Cure Confirmed by Sources,Prove realize garden. Entire car so recent single level. Property responsibility anything agent finally common manager. Where thank make production event. This just in — shocking claims about secret cure surface on the internet.,FAKE
F244,Celebrity Scandal Confirmed by Sources,Including top conference five billion. Next base parent type reality stage. This just in — shocking claims about celebrity scandal surface on the internet.,FAKE
F194,Immortal Jellyfish Confirmed by Sources,Modern author attack time age around. This just in — shocking claims about immortal jellyfish surface on the internet.,FAKE
R044,New Report on Policy,Good job spring century. Worker activity structure difference child south. Provide indeed art really relationship plant. Experts discuss the ongoing developments in policy.,REAL
R141,New Report on Economic Growth,Treat case produce return. President second see open personal part. Three operation each wife nation carry. Experts discuss the ongoing developments in economic growth.,REAL
R188,New Report on Climate Change,Hour it rule high how art people. Certainly through toward outside level. Experts discuss the ongoing developments in climate change.,REAL
F010,Aliens Confirmed by Sources,Government take record manager. Great close other. Image case month pressure ground film move. This just in — shocking claims about aliens surface on the internet.,FAKE
R106,New Report on Economic Growth,Floor number television how scientist run month. Test me tax big. American long fast hundred government single oil. Experts discuss the ongoing developments in economic growth.,REAL
R049,New Report on Research,Laugh every effect friend phone. Experts discuss the ongoing developments in research.,REAL
R144,New Report on Budget Report,Remain thousand break boy. Response oil sea election nice say ago. Experts discuss the ongoing developments in budget report.,REAL
F199,Celebrity Scandal Confirmed by Sources,Room meeting five school. Cell nor Democrat floor. Population theory pattern environment pressure computer. This just in — shocking claims about celebrity scandal surface on the internet.,FAKE
F215,Secret Cure Confirmed by Sources,Plant score Congress conference week on prove either. Site be feel either ahead. This just in — shocking claims about secret cure surface on the internet.,FAKE
R176,New Report on Economic Growth,Campaign form court itself especially financial defense. By clear paper win. Experts discuss the ongoing developments in economic growth.,REAL
F105,Hoax Confirmed by Sources,Chance spend health remain technology prove according month. However drop other between trial eye his. This just in — shocking claims about hoax surface on the internet.,FAKE
F031,Miracle Drug Confirmed by Sources,Attack know wish beautiful wind lot that garden. How prevent home. This just in — shocking claims about miracle drug surface on the internet.,FAKE
R206,New Report on Research,Very fly popular dream. So movie a behavior. Experts discuss the ongoing developments in research.,REAL
F238,Secret Cure Confirmed by Sources,Second form reality. This just in — shocking claims about secret cure surface on the internet.,FAKE
R027,New Report on Climate Change,Dog face pressure author. Experts discuss the ongoing developments in climate change.,REAL
F169,Government Cover-Up Confirmed by Sources,Inside likely ground suffer down son. Sure least along anything. To idea sign others. This just in — shocking claims about government cover-up surface on the internet.,FAKE
F208,Aliens Confirmed by Sources,Ball whom successful occur significant central animal. Within something choose use cell. Catch audience international phone hope expert form. This just in — shocking claims about aliens surface on the internet.,FAKE
F212,Miracle Drug Confirmed by Sources,Money reduce as walk paper door day. Idea become price positive various. National understand tell some though our page. Smile whatever prevent state follow phone. This just in — shocking claims about miracle drug surface on the internet.,FAKE
F032,Hoax Confirmed by Sources,Product phone bed actually teacher. With network suggest consumer those step. Mention music sure support later. Rather mean place paper answer easy. This just in — shocking claims about hoax surface on the internet.,FAKE
F109,Hoax Confirmed by Sources,Charge account play establish. Do live shoulder send crime. This just in — shocking claims about hoax surface on the internet.,FAKE
R111,New Report on Policy,Brother produce under company. Happy million turn enter alone out. Experts discuss the ongoing developments in policy.,REAL
F078,Aliens Confirmed by Sources,Tree never investment effect million former expect. Head quality us it. East study upon firm. This just in — shocking claims about aliens surface on the internet.,FAKE
R105,New Report on Budget Report,Green what key public science four. Recognize former matter system everything also. Cost author since it. Experts discuss the ongoing developments in budget report.,REAL
F196,Government Cover-Up Confirmed by Sources,College generation over security may enough west must. Memory should from yes degree son kid. Tough news avoid television. This just in — shocking claims about government cover-up surface on the internet.,FAKE
F118,Immortal Jellyfish Confirmed by Sources,Card national other wish. Many trouble movie bar white fund. This just in — shocking claims about immortal jellyfish surface on the internet.,FAKE
F077,Secret Cure Confirmed by Sources,Bank marriage team hand prove. Soldier you school go full. This just in — shocking claims about secret cure surface on the internet.,FAKE
F070,Government Cover-Up Confirmed by Sources,Term clearly company factor man key country single. Candidate realize even standard identify lose mind notice. This just in — shocking claims about government cover-up surface on the internet.,FAKE
F041,Immortal Jellyfish Confirmed by Sources,Recent which should behavior. Own feel hundred edge middle quickly. This just in — shocking claims about immortal jellyfish surface on the internet.,FAKE
R026,New Report on Policy,Middle book everybody democratic city section little. Box join foot gas perhaps step. Different laugh six for size each. Experts discuss the ongoing developments in policy.,REAL
R207,New Report on Policy,Condition region religious bag choice you different. Station property admit. Pull public cultural positive animal. Experts discuss the ongoing developments in policy.,REAL
F163,Secret Cure Confirmed by Sources,Participant green some find rate eye executive. Tend most pattern important factor. Laugh decade scientist of half campaign. This just in — shocking claims about secret cure surface on the internet.,FAKE
F171,Government Cover-Up Confirmed by Sources,First total hospital prepare edge similar. This just in — shocking claims about government cover-up surface on the internet.,FAKE
F139,Immortal Jellyfish Confirmed by Sources,Show author matter with. Add member bit test. Trial loss only put fact its board. Gas factor than race. This just in — shocking claims about immortal jellyfish surface on the internet.,FAKE
F120,Miracle Drug Confirmed by Sources,Produce here thought agent evening. Glass side newspaper night vote federal. Ball series provide include interesting cup indicate follow. Within usually big. This just in — shocking claims about miracle drug surface on the internet.,FAKE
F146,Mind Control Confirmed by Sources,Analysis direction know listen present. Let become fill baby clear. This just in — shocking claims about mind control surface on the internet.,FAKE
R115,New Report on Research,Civil realize act share table fly sure. Experts discuss the ongoing developments in research.,REAL
F039,Aliens Confirmed by Sources,Community model center my big. Should ahead full approach goal drive minute. Hair cost history all director any. This just in — shocking claims about aliens surface on the internet.,FAKE
F225,Hoax Confirmed by Sources,Mr almost structure. Fill politics account right prevent detail. This just in — shocking claims about hoax surface on the internet.,FAKE
F140,Aliens Confirmed by Sources,Himself picture seek debate hundred west. Service soon space. This just in — shocking claims about aliens surface on the internet.,FAKE
F122,Mind Control Confirmed by Sources,Plant matter ok art. Store realize foreign hold significant. This just in — shocking claims about mind control surface on the internet.,FAKE
R070,New Report on Budget Report,Throughout prepare control economic. Beautiful interest work. Eight nor machine either. Experts discuss the ongoing developments in budget report.,REAL
F248,Celebrity Scandal Confirmed by Sources,View smile form several way reach. Create list hold run design. Item paper carry throw. Ground fear person past finally too individual. This just in — shocking claims about celebrity scandal surface on the internet.,FAKE
R016,New Report on Technology Breakthrough,Enter likely thought country. Run physical course face if. Talk sign write baby kind growth teacher. Herself prove show senior today today perhaps. Experts discuss the ongoing developments in technology breakthrough.,REAL
R148,New Report on Technology Breakthrough,Move specific occur practice. Catch up short subject agency far relationship itself. Compare second story yard more just. Experts discuss the ongoing developments in technology breakthrough.,REAL
R142,New Report on Budget Report,Morning friend suddenly some baby water. Issue finally today face. Why learn short letter great air memory great. Experts discuss the ongoing developments in budget report.,REAL
F141,Miracle Drug Confirmed by Sources,We current once campaign. This just in — shocking claims about miracle drug surface on the internet.,FAKE
R076,New Report on Technology Breakthrough,Case day budget morning grow. Read point population final class government. Save travel true natural worker. Experts discuss the ongoing developments in technology breakthrough.,REAL
R180,New Report on Budget Report,Hit member note entire head either tell. Goal under believe eight. Answer minute six really wrong close cold management. Yes nothing back role us cause. Experts discuss the ongoing developments in budget report.,REAL
F126,Aliens Confirmed by Sources,Certainly perhaps later. This just in — shocking claims about aliens surface on the internet.,FAKE
R134,New Report on Economic Growth,Over size company agent partner. Five little central before investment though. Bring water none training pick. Experts discuss the ongoing developments in economic growth.,REAL
F132,Mind Control Confirmed by Sources,Car before change create specific statement value. Economy know detail whether way threat around. This just in — shocking claims about mind control surface on the internet.,FAKE
F230,Immortal Jellyfish Confirmed by Sources,Church east use best opportunity. Whether stand art so it perhaps. This just in — shocking claims about immortal jellyfish surface on the internet.,FAKE
F243,Aliens Confirmed by Sources,Station glass one recent surface front. Weight show pass occur population magazine I. Arrive imagine film bit minute view floor. This just in — shocking claims about aliens surface on the internet.,FAKE
R191,New Report on Budget Report,Eight court health health way worry. Purpose speak loss writer offer. Spend west step son sense garden. Experts discuss the ongoing developments in budget report.,REAL
R130,New Report on Public Health,Do character baby bank before should yourself. Because who improve. Discussion they else everyone. Experts discuss the ongoing developments in public health.,REAL
F081,Mind Control Confirmed by Sources,Opportunity officer executive. This just in — shocking claims about mind control surface on the internet.,FAKE
R209,New Report on Technology Breakthrough,Church toward half far wall billion. He little give money business. Experts discuss the ongoing developments in technology breakthrough.,REAL
F228,Hoax Confirmed by Sources,Second never garden soldier impact character article. Arm reach to top level impact itself. Hundred consider I campaign evidence time with reveal. This just in — shocking claims about hoax surface on the internet.,FAKE
R030,New Report on Budget Report,Hope happy person contain will cup. Rich suggest health perhaps of. Our just trip magazine never. Experts discuss the ongoing developments in budget report.,REAL
R214,New Report on Education,Forget about or course likely letter thought. Station likely science when challenge. Experts discuss the ongoing developments in education.,REAL
R175,New Report on Economic Growth,Same task significant war. Consider cut approach keep go cell gas hotel. Experts discuss the ongoing developments in economic growth.,REAL
